{
  "MAE": 46130.01233333334,
  "RMSE": 79628.16095602667,
  "R2": 0.9875076003962808
}